Daily regeneration completed at Wed Nov 19 23:48:54 UTC 2025
Daily regeneration completed at Thu Nov 20 00:52:48 UTC 2025
Daily regeneration completed at Thu Nov 20 01:06:23 UTC 2025
Daily regeneration completed at Thu Nov 20 01:11:39 UTC 2025
Daily regeneration completed at Thu Nov 20 01:35:14 UTC 2025
Daily regeneration completed at Thu Nov 20 01:39:56 UTC 2025
Daily regeneration completed at Thu Nov 20 10:07:38 UTC 2025
Daily regeneration completed at Fri Nov 21 10:08:06 UTC 2025
Daily regeneration completed at Sat Nov 22 10:06:35 UTC 2025
Daily regeneration completed at Sun Nov 23 10:06:42 UTC 2025
Daily regeneration completed at Mon Nov 24 10:08:46 UTC 2025
Daily regeneration completed at Tue Nov 25 10:08:55 UTC 2025
Daily regeneration completed at Wed Nov 26 10:08:04 UTC 2025
